{
  "best_model": "Power Law",
  "coefficients": [
    1.0513286561739548,
    0.48528174674572033
  ],
  "all_results": {
    "Linear": {
      "coefficients": [
        1.1927514146632796,
        0.20712579525270405
      ],
      "residuals": 0.6917008932556789,
      "r_squared": 0.9556585763193015,
      "rmse": 0.037156971156168755
    },
    "Exponential": {
      "coefficients": [
        0.2770076646562296,
        9.179967632652346
      ],
      "residuals": 1.599941594667442,
      "r_squared": 0.8974358876716124,
      "rmse": 0.0565110272154117
    },
    "Power Law": {
      "coefficients": [
        1.0513286561739548,
        0.48528174674572033
      ],
      "residuals": 0.09358094123320138,
      "r_squared": 0.9940010021613112,
      "rmse": 0.013667051834784756
    },
    "Logistic": {
      "coefficients": [
        0.7797574111829723,
        7.69741454000941,
        0.1474190321030328
      ],
      "residuals": 0.5853653386855648,
      "r_squared": 0.9624752075012025,
      "rmse": 0.0341817771567241
    },
    "Polynomial (2nd)": {
      "coefficients": [
        -1.4194452995307971,
        1.8999392887784798,
        0.14873181794618845
      ],
      "residuals": 0.3384748184316353,
      "r_squared": 0.9783021021431919,
      "rmse": 0.02599227654483739
    }
  }
}